exp,variant,model,mode,seed,fold,test_idx,y_true,y_pred,category
rq1,full,tfidf_lr,output,0,0,4,0,0,writing
rq1,full,tfidf_lr,output,0,0,12,0,0,factual
rq1,full,tfidf_lr,output,0,0,16,0,0,math
rq1,full,tfidf_lr,output,0,0,20,0,0,coding
rq1,full,tfidf_lr,output,0,0,35,0,0,writing
rq1,full,tfidf_lr,output,0,0,39,0,0,factual
rq1,full,tfidf_lr,output,0,0,41,0,0,writing
rq1,full,tfidf_lr,output,0,0,44,0,0,coding
rq1,full,tfidf_lr,output,0,0,47,0,0,coding
rq1,full,tfidf_lr,output,0,0,53,0,0,math
rq1,full,tfidf_lr,output,0,0,57,0,0,factual
rq1,full,tfidf_lr,output,0,0,58,0,0,math
rq1,full,tfidf_lr,output,0,0,65,0,0,coding
rq1,full,tfidf_lr,output,0,0,78,0,0,factual
rq1,full,tfidf_lr,output,0,0,80,0,0,writing
rq1,full,tfidf_lr,output,0,0,88,0,0,factual
rq1,full,tfidf_lr,output,0,0,93,0,0,math
rq1,full,tfidf_lr,output,0,0,94,0,0,writing
rq1,full,tfidf_lr,output,0,0,99,0,0,writing
rq1,full,tfidf_lr,output,0,0,102,0,0,factual
rq1,full,tfidf_lr,output,0,0,104,0,0,coding
rq1,full,tfidf_lr,output,0,0,109,0,0,math
rq1,full,tfidf_lr,output,0,0,115,0,0,coding
rq1,full,tfidf_lr,output,0,0,118,0,0,math
rq1,full,tfidf_lr,output,0,0,124,1,1,writing
rq1,full,tfidf_lr,output,0,0,132,1,1,factual
rq1,full,tfidf_lr,output,0,0,136,1,1,math
rq1,full,tfidf_lr,output,0,0,140,1,1,coding
rq1,full,tfidf_lr,output,0,0,155,1,0,writing
rq1,full,tfidf_lr,output,0,0,159,1,1,factual
rq1,full,tfidf_lr,output,0,0,161,1,0,writing
rq1,full,tfidf_lr,output,0,0,164,1,0,coding
rq1,full,tfidf_lr,output,0,0,167,1,1,coding
rq1,full,tfidf_lr,output,0,0,173,1,1,math
rq1,full,tfidf_lr,output,0,0,177,1,0,factual
rq1,full,tfidf_lr,output,0,0,178,1,1,math
rq1,full,tfidf_lr,output,0,0,185,1,1,coding
rq1,full,tfidf_lr,output,0,0,198,1,0,factual
rq1,full,tfidf_lr,output,0,0,200,1,1,writing
rq1,full,tfidf_lr,output,0,0,208,1,0,factual
rq1,full,tfidf_lr,output,0,0,213,1,1,math
rq1,full,tfidf_lr,output,0,0,214,1,0,writing
rq1,full,tfidf_lr,output,0,0,219,1,1,writing
rq1,full,tfidf_lr,output,0,0,222,1,0,factual
rq1,full,tfidf_lr,output,0,0,224,1,0,coding
rq1,full,tfidf_lr,output,0,0,229,1,1,math
rq1,full,tfidf_lr,output,0,0,235,1,0,coding
rq1,full,tfidf_lr,output,0,0,238,1,1,math
rq1,full,tfidf_lr,output,0,0,244,2,2,writing
rq1,full,tfidf_lr,output,0,0,252,2,2,factual
rq1,full,tfidf_lr,output,0,0,256,2,2,math
rq1,full,tfidf_lr,output,0,0,260,2,2,coding
rq1,full,tfidf_lr,output,0,0,275,2,0,writing
rq1,full,tfidf_lr,output,0,0,279,2,2,factual
rq1,full,tfidf_lr,output,0,0,281,2,2,writing
rq1,full,tfidf_lr,output,0,0,284,2,2,coding
rq1,full,tfidf_lr,output,0,0,287,2,2,coding
rq1,full,tfidf_lr,output,0,0,293,2,2,math
rq1,full,tfidf_lr,output,0,0,297,2,2,factual
rq1,full,tfidf_lr,output,0,0,298,2,2,math
rq1,full,tfidf_lr,output,0,0,305,2,2,coding
rq1,full,tfidf_lr,output,0,0,318,2,2,factual
rq1,full,tfidf_lr,output,0,0,320,2,0,writing
rq1,full,tfidf_lr,output,0,0,328,2,2,factual
rq1,full,tfidf_lr,output,0,0,333,2,1,math
rq1,full,tfidf_lr,output,0,0,334,2,2,writing
rq1,full,tfidf_lr,output,0,0,339,2,2,writing
rq1,full,tfidf_lr,output,0,0,342,2,2,factual
rq1,full,tfidf_lr,output,0,0,344,2,0,coding
rq1,full,tfidf_lr,output,0,0,349,2,2,math
rq1,full,tfidf_lr,output,0,0,355,2,2,coding
rq1,full,tfidf_lr,output,0,0,358,2,2,math
rq1,full,tfidf_lr,output,0,1,1,0,0,coding
rq1,full,tfidf_lr,output,0,1,7,0,0,writing
rq1,full,tfidf_lr,output,0,1,8,0,0,factual
rq1,full,tfidf_lr,output,0,1,9,0,0,coding
rq1,full,tfidf_lr,output,0,1,24,0,2,writing
rq1,full,tfidf_lr,output,0,1,31,0,0,factual
rq1,full,tfidf_lr,output,0,1,42,0,0,writing
rq1,full,tfidf_lr,output,0,1,52,0,0,math
rq1,full,tfidf_lr,output,0,1,56,0,0,factual
rq1,full,tfidf_lr,output,0,1,59,0,0,factual
rq1,full,tfidf_lr,output,0,1,61,0,0,math
rq1,full,tfidf_lr,output,0,1,62,0,0,factual
rq1,full,tfidf_lr,output,0,1,68,0,0,math
rq1,full,tfidf_lr,output,0,1,69,0,0,math
rq1,full,tfidf_lr,output,0,1,74,0,0,coding
rq1,full,tfidf_lr,output,0,1,75,0,0,factual
rq1,full,tfidf_lr,output,0,1,77,0,0,coding
rq1,full,tfidf_lr,output,0,1,79,0,0,coding
rq1,full,tfidf_lr,output,0,1,82,0,0,writing
rq1,full,tfidf_lr,output,0,1,85,0,0,writing
rq1,full,tfidf_lr,output,0,1,97,0,0,math
rq1,full,tfidf_lr,output,0,1,100,0,0,math
rq1,full,tfidf_lr,output,0,1,106,0,0,writing
rq1,full,tfidf_lr,output,0,1,114,0,0,coding
rq1,full,tfidf_lr,output,0,1,121,1,1,coding
rq1,full,tfidf_lr,output,0,1,127,1,0,writing
rq1,full,tfidf_lr,output,0,1,128,1,2,factual
rq1,full,tfidf_lr,output,0,1,129,1,1,coding
rq1,full,tfidf_lr,output,0,1,144,1,1,writing
rq1,full,tfidf_lr,output,0,1,151,1,0,factual
rq1,full,tfidf_lr,output,0,1,162,1,2,writing
rq1,full,tfidf_lr,output,0,1,172,1,1,math
rq1,full,tfidf_lr,output,0,1,176,1,1,factual
rq1,full,tfidf_lr,output,0,1,179,1,1,factual
rq1,full,tfidf_lr,output,0,1,181,1,1,math
rq1,full,tfidf_lr,output,0,1,182,1,0,factual
rq1,full,tfidf_lr,output,0,1,188,1,1,math
rq1,full,tfidf_lr,output,0,1,189,1,1,math
rq1,full,tfidf_lr,output,0,1,194,1,1,coding
rq1,full,tfidf_lr,output,0,1,195,1,0,factual
rq1,full,tfidf_lr,output,0,1,197,1,1,coding
rq1,full,tfidf_lr,output,0,1,199,1,1,coding
rq1,full,tfidf_lr,output,0,1,202,1,1,writing
rq1,full,tfidf_lr,output,0,1,205,1,1,writing
rq1,full,tfidf_lr,output,0,1,217,1,1,math
rq1,full,tfidf_lr,output,0,1,220,1,1,math
rq1,full,tfidf_lr,output,0,1,226,1,1,writing
rq1,full,tfidf_lr,output,0,1,234,1,1,coding
rq1,full,tfidf_lr,output,0,1,241,2,2,coding
rq1,full,tfidf_lr,output,0,1,247,2,2,writing
rq1,full,tfidf_lr,output,0,1,248,2,2,factual
rq1,full,tfidf_lr,output,0,1,249,2,2,coding
rq1,full,tfidf_lr,output,0,1,264,2,2,writing
rq1,full,tfidf_lr,output,0,1,271,2,2,factual
rq1,full,tfidf_lr,output,0,1,282,2,2,writing
rq1,full,tfidf_lr,output,0,1,292,2,2,math
rq1,full,tfidf_lr,output,0,1,296,2,2,factual
rq1,full,tfidf_lr,output,0,1,299,2,0,factual
rq1,full,tfidf_lr,output,0,1,301,2,1,math
rq1,full,tfidf_lr,output,0,1,302,2,2,factual
rq1,full,tfidf_lr,output,0,1,308,2,2,math
rq1,full,tfidf_lr,output,0,1,309,2,2,math
rq1,full,tfidf_lr,output,0,1,314,2,1,coding
rq1,full,tfidf_lr,output,0,1,315,2,2,factual
rq1,full,tfidf_lr,output,0,1,317,2,2,coding
rq1,full,tfidf_lr,output,0,1,319,2,2,coding
rq1,full,tfidf_lr,output,0,1,322,2,2,writing
rq1,full,tfidf_lr,output,0,1,325,2,1,writing
rq1,full,tfidf_lr,output,0,1,337,2,2,math
rq1,full,tfidf_lr,output,0,1,340,2,2,math
rq1,full,tfidf_lr,output,0,1,346,2,0,writing
rq1,full,tfidf_lr,output,0,1,354,2,2,coding
rq1,full,tfidf_lr,output,0,2,13,0,0,coding
rq1,full,tfidf_lr,output,0,2,21,0,0,math
rq1,full,tfidf_lr,output,0,2,22,0,0,coding
rq1,full,tfidf_lr,output,0,2,23,0,0,factual
rq1,full,tfidf_lr,output,0,2,26,0,0,coding
rq1,full,tfidf_lr,output,0,2,32,0,0,coding
rq1,full,tfidf_lr,output,0,2,33,0,0,coding
rq1,full,tfidf_lr,output,0,2,37,0,0,math
rq1,full,tfidf_lr,output,0,2,38,0,2,writing
rq1,full,tfidf_lr,output,0,2,40,0,0,math
rq1,full,tfidf_lr,output,0,2,48,0,0,factual
rq1,full,tfidf_lr,output,0,2,60,0,0,coding
rq1,full,tfidf_lr,output,0,2,71,0,0,writing
rq1,full,tfidf_lr,output,0,2,72,0,0,math
rq1,full,tfidf_lr,output,0,2,83,0,0,writing
rq1,full,tfidf_lr,output,0,2,91,0,0,math
rq1,full,tfidf_lr,output,0,2,92,0,2,writing
rq1,full,tfidf_lr,output,0,2,95,0,0,math
rq1,full,tfidf_lr,output,0,2,96,0,0,factual
rq1,full,tfidf_lr,output,0,2,101,0,0,writing
rq1,full,tfidf_lr,output,0,2,105,0,0,factual
rq1,full,tfidf_lr,output,0,2,108,0,0,factual
rq1,full,tfidf_lr,output,0,2,111,0,0,factual
rq1,full,tfidf_lr,output,0,2,113,0,0,writing
rq1,full,tfidf_lr,output,0,2,133,1,1,coding
rq1,full,tfidf_lr,output,0,2,141,1,1,math
rq1,full,tfidf_lr,output,0,2,142,1,1,coding
rq1,full,tfidf_lr,output,0,2,143,1,1,factual
rq1,full,tfidf_lr,output,0,2,146,1,1,coding
rq1,full,tfidf_lr,output,0,2,152,1,1,coding
rq1,full,tfidf_lr,output,0,2,153,1,1,coding
rq1,full,tfidf_lr,output,0,2,157,1,1,math
rq1,full,tfidf_lr,output,0,2,158,1,1,writing
rq1,full,tfidf_lr,output,0,2,160,1,1,math
rq1,full,tfidf_lr,output,0,2,168,1,2,factual
rq1,full,tfidf_lr,output,0,2,180,1,1,coding
rq1,full,tfidf_lr,output,0,2,191,1,1,writing
rq1,full,tfidf_lr,output,0,2,192,1,1,math
rq1,full,tfidf_lr,output,0,2,203,1,1,writing
rq1,full,tfidf_lr,output,0,2,211,1,1,math
rq1,full,tfidf_lr,output,0,2,212,1,2,writing
rq1,full,tfidf_lr,output,0,2,215,1,1,math
rq1,full,tfidf_lr,output,0,2,216,1,1,factual
rq1,full,tfidf_lr,output,0,2,221,1,1,writing
rq1,full,tfidf_lr,output,0,2,225,1,0,factual
rq1,full,tfidf_lr,output,0,2,228,1,0,factual
rq1,full,tfidf_lr,output,0,2,231,1,1,factual
rq1,full,tfidf_lr,output,0,2,233,1,1,writing
rq1,full,tfidf_lr,output,0,2,253,2,2,coding
rq1,full,tfidf_lr,output,0,2,261,2,2,math
rq1,full,tfidf_lr,output,0,2,262,2,2,coding
rq1,full,tfidf_lr,output,0,2,263,2,2,factual
rq1,full,tfidf_lr,output,0,2,266,2,2,coding
rq1,full,tfidf_lr,output,0,2,272,2,2,coding
rq1,full,tfidf_lr,output,0,2,273,2,2,coding
rq1,full,tfidf_lr,output,0,2,277,2,2,math
rq1,full,tfidf_lr,output,0,2,278,2,2,writing
rq1,full,tfidf_lr,output,0,2,280,2,2,math
rq1,full,tfidf_lr,output,0,2,288,2,2,factual
rq1,full,tfidf_lr,output,0,2,300,2,2,coding
rq1,full,tfidf_lr,output,0,2,311,2,2,writing
rq1,full,tfidf_lr,output,0,2,312,2,2,math
rq1,full,tfidf_lr,output,0,2,323,2,2,writing
rq1,full,tfidf_lr,output,0,2,331,2,2,math
rq1,full,tfidf_lr,output,0,2,332,2,2,writing
rq1,full,tfidf_lr,output,0,2,335,2,2,math
rq1,full,tfidf_lr,output,0,2,336,2,2,factual
rq1,full,tfidf_lr,output,0,2,341,2,2,writing
rq1,full,tfidf_lr,output,0,2,345,2,2,factual
rq1,full,tfidf_lr,output,0,2,348,2,2,factual
rq1,full,tfidf_lr,output,0,2,351,2,2,factual
rq1,full,tfidf_lr,output,0,2,353,2,2,writing
rq1,full,tfidf_lr,output,0,3,2,0,0,factual
rq1,full,tfidf_lr,output,0,3,3,0,1,coding
rq1,full,tfidf_lr,output,0,3,6,0,0,math
rq1,full,tfidf_lr,output,0,3,11,0,0,factual
rq1,full,tfidf_lr,output,0,3,14,0,2,coding
rq1,full,tfidf_lr,output,0,3,15,0,0,math
rq1,full,tfidf_lr,output,0,3,18,0,0,factual
rq1,full,tfidf_lr,output,0,3,27,0,0,writing
rq1,full,tfidf_lr,output,0,3,28,0,0,coding
rq1,full,tfidf_lr,output,0,3,34,0,0,factual
rq1,full,tfidf_lr,output,0,3,49,0,0,factual
rq1,full,tfidf_lr,output,0,3,54,0,0,math
rq1,full,tfidf_lr,output,0,3,63,0,0,writing
rq1,full,tfidf_lr,output,0,3,64,0,0,math
rq1,full,tfidf_lr,output,0,3,66,0,0,coding
rq1,full,tfidf_lr,output,0,3,70,0,0,writing
rq1,full,tfidf_lr,output,0,3,81,0,0,writing
rq1,full,tfidf_lr,output,0,3,84,0,0,math
rq1,full,tfidf_lr,output,0,3,86,0,0,coding
rq1,full,tfidf_lr,output,0,3,87,0,0,factual
rq1,full,tfidf_lr,output,0,3,103,0,0,writing
rq1,full,tfidf_lr,output,0,3,107,0,0,writing
rq1,full,tfidf_lr,output,0,3,116,0,0,math
rq1,full,tfidf_lr,output,0,3,117,0,0,coding
rq1,full,tfidf_lr,output,0,3,122,1,0,factual
rq1,full,tfidf_lr,output,0,3,123,1,1,coding
rq1,full,tfidf_lr,output,0,3,126,1,1,math
rq1,full,tfidf_lr,output,0,3,131,1,1,factual
rq1,full,tfidf_lr,output,0,3,134,1,1,coding
rq1,full,tfidf_lr,output,0,3,135,1,1,math
rq1,full,tfidf_lr,output,0,3,138,1,1,factual
rq1,full,tfidf_lr,output,0,3,147,1,0,writing
rq1,full,tfidf_lr,output,0,3,148,1,0,coding
rq1,full,tfidf_lr,output,0,3,154,1,0,factual
rq1,full,tfidf_lr,output,0,3,169,1,1,factual
rq1,full,tfidf_lr,output,0,3,174,1,1,math
rq1,full,tfidf_lr,output,0,3,183,1,0,writing
rq1,full,tfidf_lr,output,0,3,184,1,1,math
rq1,full,tfidf_lr,output,0,3,186,1,1,coding
rq1,full,tfidf_lr,output,0,3,190,1,1,writing
rq1,full,tfidf_lr,output,0,3,201,1,1,writing
rq1,full,tfidf_lr,output,0,3,204,1,1,math
rq1,full,tfidf_lr,output,0,3,206,1,1,coding
rq1,full,tfidf_lr,output,0,3,207,1,2,factual
rq1,full,tfidf_lr,output,0,3,223,1,1,writing
rq1,full,tfidf_lr,output,0,3,227,1,1,writing
rq1,full,tfidf_lr,output,0,3,236,1,1,math
rq1,full,tfidf_lr,output,0,3,237,1,1,coding
rq1,full,tfidf_lr,output,0,3,242,2,2,factual
rq1,full,tfidf_lr,output,0,3,243,2,2,coding
rq1,full,tfidf_lr,output,0,3,246,2,2,math
rq1,full,tfidf_lr,output,0,3,251,2,2,factual
rq1,full,tfidf_lr,output,0,3,254,2,2,coding
rq1,full,tfidf_lr,output,0,3,255,2,2,math
rq1,full,tfidf_lr,output,0,3,258,2,2,factual
rq1,full,tfidf_lr,output,0,3,267,2,0,writing
rq1,full,tfidf_lr,output,0,3,268,2,2,coding
rq1,full,tfidf_lr,output,0,3,274,2,2,factual
rq1,full,tfidf_lr,output,0,3,289,2,2,factual
rq1,full,tfidf_lr,output,0,3,294,2,2,math
rq1,full,tfidf_lr,output,0,3,303,2,0,writing
rq1,full,tfidf_lr,output,0,3,304,2,2,math
rq1,full,tfidf_lr,output,0,3,306,2,0,coding
rq1,full,tfidf_lr,output,0,3,310,2,2,writing
rq1,full,tfidf_lr,output,0,3,321,2,0,writing
rq1,full,tfidf_lr,output,0,3,324,2,2,math
rq1,full,tfidf_lr,output,0,3,326,2,2,coding
rq1,full,tfidf_lr,output,0,3,327,2,2,factual
rq1,full,tfidf_lr,output,0,3,343,2,0,writing
rq1,full,tfidf_lr,output,0,3,347,2,2,writing
rq1,full,tfidf_lr,output,0,3,356,2,2,math
rq1,full,tfidf_lr,output,0,3,357,2,2,coding
rq1,full,tfidf_lr,output,0,4,0,0,0,coding
rq1,full,tfidf_lr,output,0,4,5,0,1,coding
rq1,full,tfidf_lr,output,0,4,10,0,0,factual
rq1,full,tfidf_lr,output,0,4,17,0,0,factual
rq1,full,tfidf_lr,output,0,4,19,0,0,math
rq1,full,tfidf_lr,output,0,4,25,0,0,factual
rq1,full,tfidf_lr,output,0,4,29,0,0,writing
rq1,full,tfidf_lr,output,0,4,30,0,0,coding
rq1,full,tfidf_lr,output,0,4,36,0,0,factual
rq1,full,tfidf_lr,output,0,4,43,0,0,coding
rq1,full,tfidf_lr,output,0,4,45,0,0,factual
rq1,full,tfidf_lr,output,0,4,46,0,0,coding
rq1,full,tfidf_lr,output,0,4,50,0,0,writing
rq1,full,tfidf_lr,output,0,4,51,0,0,writing
rq1,full,tfidf_lr,output,0,4,55,0,0,math
rq1,full,tfidf_lr,output,0,4,67,0,0,math
rq1,full,tfidf_lr,output,0,4,73,0,0,writing
rq1,full,tfidf_lr,output,0,4,76,0,0,coding
rq1,full,tfidf_lr,output,0,4,89,0,0,writing
rq1,full,tfidf_lr,output,0,4,90,0,0,writing
rq1,full,tfidf_lr,output,0,4,98,0,0,math
rq1,full,tfidf_lr,output,0,4,110,0,0,math
rq1,full,tfidf_lr,output,0,4,112,0,0,factual
rq1,full,tfidf_lr,output,0,4,119,0,0,math
rq1,full,tfidf_lr,output,0,4,120,1,1,coding
rq1,full,tfidf_lr,output,0,4,125,1,1,coding
rq1,full,tfidf_lr,output,0,4,130,1,1,factual
rq1,full,tfidf_lr,output,0,4,137,1,1,factual
rq1,full,tfidf_lr,output,0,4,139,1,1,math
rq1,full,tfidf_lr,output,0,4,145,1,0,factual
rq1,full,tfidf_lr,output,0,4,149,1,1,writing
rq1,full,tfidf_lr,output,0,4,150,1,1,coding
rq1,full,tfidf_lr,output,0,4,156,1,1,factual
rq1,full,tfidf_lr,output,0,4,163,1,1,coding
rq1,full,tfidf_lr,output,0,4,165,1,0,factual
rq1,full,tfidf_lr,output,0,4,166,1,1,coding
rq1,full,tfidf_lr,output,0,4,170,1,0,writing
rq1,full,tfidf_lr,output,0,4,171,1,1,writing
rq1,full,tfidf_lr,output,0,4,175,1,1,math
rq1,full,tfidf_lr,output,0,4,187,1,1,math
rq1,full,tfidf_lr,output,0,4,193,1,2,writing
rq1,full,tfidf_lr,output,0,4,196,1,1,coding
rq1,full,tfidf_lr,output,0,4,209,1,1,writing
rq1,full,tfidf_lr,output,0,4,210,1,2,writing
rq1,full,tfidf_lr,output,0,4,218,1,1,math
rq1,full,tfidf_lr,output,0,4,230,1,1,math
rq1,full,tfidf_lr,output,0,4,232,1,1,factual
rq1,full,tfidf_lr,output,0,4,239,1,1,math
rq1,full,tfidf_lr,output,0,4,240,2,2,coding
rq1,full,tfidf_lr,output,0,4,245,2,2,coding
rq1,full,tfidf_lr,output,0,4,250,2,2,factual
rq1,full,tfidf_lr,output,0,4,257,2,2,factual
rq1,full,tfidf_lr,output,0,4,259,2,2,math
rq1,full,tfidf_lr,output,0,4,265,2,2,factual
rq1,full,tfidf_lr,output,0,4,269,2,0,writing
rq1,full,tfidf_lr,output,0,4,270,2,2,coding
rq1,full,tfidf_lr,output,0,4,276,2,2,factual
rq1,full,tfidf_lr,output,0,4,283,2,2,coding
rq1,full,tfidf_lr,output,0,4,285,2,2,factual
rq1,full,tfidf_lr,output,0,4,286,2,2,coding
rq1,full,tfidf_lr,output,0,4,290,2,2,writing
rq1,full,tfidf_lr,output,0,4,291,2,2,writing
rq1,full,tfidf_lr,output,0,4,295,2,2,math
rq1,full,tfidf_lr,output,0,4,307,2,2,math
rq1,full,tfidf_lr,output,0,4,313,2,2,writing
rq1,full,tfidf_lr,output,0,4,316,2,2,coding
rq1,full,tfidf_lr,output,0,4,329,2,2,writing
rq1,full,tfidf_lr,output,0,4,330,2,2,writing
rq1,full,tfidf_lr,output,0,4,338,2,2,math
rq1,full,tfidf_lr,output,0,4,350,2,2,math
rq1,full,tfidf_lr,output,0,4,352,2,2,factual
rq1,full,tfidf_lr,output,0,4,359,2,2,math
